{
	"class_name" : "PinholeCameraParameters",
	"extrinsic" : 
	[
		0.99858403750798441,
		0.009058954256823468,
		0.052419990290205561,
		0.0,
		0.052504444653678171,
		-0.3263208010097256,
		-0.94379977649922131,
		0.0,
		0.0085558942175152589,
		0.9452156738946641,
		-0.32633437835752893,
		0.0,
		0.00122676703576486,
		0.28714342622204647,
		7.780856128442581,
		1.0
	],
	"intrinsic" : 
	{
		"height" : 1061,
		"intrinsic_matrix" : 
		[
			918.85295341528945,
			0.0,
			0.0,
			0.0,
			918.85295341528945,
			0.0,
			959.5,
			530.0,
			1.0
		],
		"width" : 1920
	},
	"version_major" : 1,
	"version_minor" : 0
}